Workbook
Name Группы: #REF!
Name Подписи: #REF!

Sheet 1 курс
A1: Согласовано | F1: Утверждаю | G1: Согласовано | L1: Утверждаю | M1: Согласовано | R1: Утверждаю
A2: Начальник УОпоОФО | F2: Проректор по УМР | G2: Начальник УОпоОФО | L2: Проректор по УМР | M2: Начальник УОпоОФО | R2: Проректор по УМР
A3: _______Р.Н. Гуртовская | F3: _________Е.В. Коновалова | G3: _______Р.Н. Гуртовская | L3: _________Е.В. Коновалова | M3: _______Р.Н. Гуртовская | R3: _________Е.В. Коновалова
F4: "____"________2026 г. | L4: "____"________2026 г. | R4: "____"________2026 г.
A5: РАСПИСАНИЕ УЧЕБНЫХ ЗАНЯТИЙ | G5: РАСПИСАНИЕ УЧЕБНЫХ ЗАНЯТИЙ | M5: РАСПИСАНИЕ УЧЕБНЫХ ЗАНЯТИЙ
A6: Учебный год | C6: 2025-2026 | E6: весенний | F6: Семестр | G6: Учебный год | I6: 2025-2026 | K6: =E6 -> весенний | L6: Семестр | M6: Учебный год | O6: 2025-2026 | Q6: весенний | R6: Семестр
A7: Институт | C7: государства и права | E7: 1 | F7: Курс | G7: Институт | I7: =C7 -> государства и права | K7: =E7 -> 1 | L7: Курс | M7: Институт | O7: =I7 -> государства и права | Q7: =K7 -> 1 | R7: Курс
A8: Направление | C8: 40.03.01 Юриспруденция | E8: 102-51 | F8: Группа | G8: Направление | I8: =C8 -> 40.03.01 Юриспруденция | K8: 102-52 | L8: Группа | M8: Направление | O8: =I8 -> 40.03.01 Юриспруденция | Q8: 102-53 | R8: Группа
A9: ТО | C9: 02.02.2026 - 06.06.2026 | G9: ТО | I9: 02.02.2026 - 06.06.2026 | M9: ТО | O9: 02.02.2026 - 06.06.2026
A10: д/н | B10: пара | C10: дисциплина, ауд | G10: д/н | H10: пара | I10: дисциплина, ауд | M10: д/н | N10: пара | O10: дисциплина, ауд
A11: ПН | B11: 1 | C11: Конституционное право (лек), К204// | G11: ПН | H11: 1 | I11: Конституционное право (лек), К204// | M11: ПН | N11: 1 | O11: Конституционное право (лек), К204//
B12: 2 | C12: Теория государства и права (лек), К204// История государства и права России (лек), К204 | H12: 2 | I12: Теория государства и права (лек), К204// История государства и права России (лек), К204 | N12: 2 | O12: Теория государства и права (лек), К204// История государства и права России (лек), К204
B13: 3 | C13: ДВ 01.01: Правовое обеспечение противодействия коррупции (лек), К628; ДВ 01.02: Юридическая техника (лек), К204// Правовые основы противодействия экстремизму и терроризму (лек), К204 | H13: 3 | I13: ДВ 01.01: Правовое обеспечение противодействия коррупции (лек), К628; ДВ 01.02: Юридическая техника (лек), К204// Правовые основы противодействия экстремизму и терроризму (лек), К204 | N13: 3 | O13: ДВ 01.01: Правовое обеспечение противодействия коррупции (лек), К628; ДВ 01.02: Юридическая техника (лек), К204// Правовые основы противодействия экстремизму и терроризму (лек), К204
B14: 4 | C14: Теория государства и права (пр), К708 | H14: 4 | N14: 4
A15: ВТ | B15: 1 | C15: ДВ 02.01: Введение в гражданское право (лек), К201; ДВ 02.02: Права человека и введение в частное право (лек), К204 // Административное право (лек), К204 | G15: ВТ | H15: 1 | I15: ДВ 02.01: Введение в гражданское право (лек), К201; ДВ 02.02: Права человека и введение в частное право (лек), К204 // Административное право (лек), К204 | M15: ВТ | N15: 1 | O15: ДВ 02.01: Введение в гражданское право (лек), К201; ДВ 02.02: Права человека и введение в частное право (лек), К204 // Административное право (лек), К204
B16: 2 | C16: Правовые основы противодействия экстремизму и терроризму (пр), К628// ДВ 02.01: Введение в гражданское право (пр), К703 ДВ 02.02: Права человека и введение в частное право (пр), К707 | H16: 2 | I16: ДВ 02.01: Введение в гражданское право (пр), К703 ДВ 02.02: Права человека и введение в частное право (пр), К707// Правовые основы противодействия экстремизму и терроризму (пр), К628 | N16: 2 | O16: Административное право (пр), К711
B17: 3 | C17: Цифровая грамотность (пр), К706 | H17: 3 | I17: Административное право (пр), К711 | N17: 3 | O17: Правовые основы противодействия экстремизму и терроризму (пр), К628// ДВ 02.01: Введение в гражданское право (пр), К703 ДВ 02.02: Права человека и введение в частное право (пр), К707
B18: 4 | C18: Административное право (пр), К711 | H18: 4 | N18: 4
A19: СР | B19: 2 | C19: Физическая культура и спорт//Элек. дисциплины по физ. культуре и спорту, С | G19: СР | H19: 1 | I19: Теория государства и права (пр), К708 | M19: СР | N19: 1
B20: 4 | C20: Конституционное право (пр), К703 | H20: 2 | I20: Русский язык и культура речи (пр), К709 | N20: 2 | O20: Теория государства и права (пр), К708
B21: 5 | C21: Иностранный язык, п/г 1, К709 | H21: 3 | I21: Физическая культура и спорт//Элек. дисциплины по физ. культуре и спорту, С | N21: 3 | O21: Русский язык и культура речи (пр), К709
B22: 6 | H22: 4 | N22: 4 | O22: Физическая культура и спорт//Элек. дисциплины по физ. культуре и спорту, С
A23: ЧТ | B23: 2 | G23: ЧТ | H23: 1 | I23: История государства и права России (пр), К708 | M23: ЧТ | N23: 2 | O23: История государства и права России (пр), К708
B24: 3 | C24: История государства и права России (пр), К708 | H24: 2 | I24: История России (пр), К709 | N24: 3 | O24: История России (пр), К709
B25: 4 | C25: История России (пр), К709 | H25: 3 | I25: Конституционное право (пр), К703 | N25: 4 | O25: Конституционное право (пр), К703
B26: 5 | E26: Иностранный язык, п/г 2, К723 | H26: 4 | I26: Иностранный язык, п/г 1, К723 | K26: Иностранный язык, п/г 2, К710 | N26: 5 | O26: Иностранный язык, п/г 1, К710
A27: ПТ | B27: 1 | C27: ДВ 01.01: Правовое обеспечение противодействия коррупции (пр), К628 ; ДВ 01.02: Юридическая техника (пр), К710// | G27: ПТ | H27: 1 | I27: Цифровая грамотность (пр), К706 | M27: ПТ | N27: 1
B28: 2 | C28: Русский язык и культура речи (пр), К708 | H28: 2 | I28: //ДВ 01.01: Правовое обеспечение противодействия коррупции (пр), К628; ДВ 01.02: Юридическая техника (пр), К710 | N28: 2 | O28: ДВ 01.01: Правовое обеспечение противодействия коррупции (пр), К628; ДВ 01.02: Юридическая техника (пр), К710//
B29: 3 | C29: Элективные дисциплины по физической культуре и спорту, С | H29: 3 | N29: 3 | O29: Цифровая грамотность (пр), К706
B30: 4 | H30: 4 | N30: 4 | Q30: Иностранный язык, п/г 2, К723
A31: СБ | B31: 1 | C31: День самостоятельной работы | G31: СБ | H31: 1 | M31: СБ | N31: 2
B32: 2 | H32: 2 | N32: 3
B33: 3 | H33: 3 | I33: Элективные дисциплины по физической культуре и спорту, С | N33: 4 | O33: Элективные дисциплины по физической культуре и спорту, С
B35: ЭУК | C35: Русский язык и культура речи (лек 32ч) | H35: ЭУК | I35: Русский язык и культура речи (лек 32ч) | N35: ЭУК | O35: Русский язык и культура речи (лек 32ч)
B36: ЭУК | C36: Физическая культура и спорт (лек 8 ч) | H36: ЭУК | I36: Физическая культура и спорт (лек 8 ч) | N36: ЭУК | O36: Физическая культура и спорт (лек 8 ч)
B37: ЭУК | C37: Цифровая грамотность (лек 16 ч) | H37: ЭУК | I37: Цифровая грамотность (лек 16 ч) | N37: ЭУК | O37: Цифровая грамотность (лек 16 ч)
B38: ЭУК | C38: История России (лекция 32 ч) | H38: ЭУК | I38: История России (лекция 32 ч) | N38: ЭУК | O38: История России (лекция 32 ч)
B39: Директор института | E39: Л.А. Попова | H39: Директор института | K39: Л.А. Попова | N39: Директор института | Q39: Л.А. Попова
B40: Зав. кафедрой | E40: Н.Н. Жадобина | H40: Зав. кафедрой | K40: Н.Н. Жадобина | N40: Зав. кафедрой | Q40: Н.Н. Жадобина
B41: Зав. кафедрой | E41: Л.А. Попова | H41: Зав. кафедрой | K41: Л.А. Попова | N41: Зав. кафедрой | Q41: Л.А. Попова

Sheet 2 курс
A1: Согласовано | F1: Утверждаю | H1: Согласовано | M1: Утверждаю | N1: Согласовано | S1: Утверждаю | T1: Согласовано | Y1: Утверждаю
A2: Начальник УОпоОФО | F2: Проректор по УМР | H2: Начальник УОпоОФО | M2: Проректор по УМР | N2: Начальник УОпоОФО | S2: Проректор по УМР | T2: Начальник УОпоОФО | Y2: Проректор по УМР
A3: _______Р.Н. Гуртовская | F3: _________Е.В. Коновалова | H3: _______Р.Н. Гуртовская | M3: _________Е.В. Коновалова | N3: _______Р.Н. Гуртовская | S3: _________Е.В. Коновалова | T3: _______Р.Н. Гуртовская | Y3: _________Е.В. Коновалова
F4: "____"________2026 г. | M4: "____"________2026 г. | S4: "____"________2026 г. | Y4: "____"________2026 г.
A5: РАСПИСАНИЕ УЧЕБНЫХ ЗАНЯТИЙ | H5: РАСПИСАНИЕ УЧЕБНЫХ ЗАНЯТИЙ | N5: РАСПИСАНИЕ УЧЕБНЫХ ЗАНЯТИЙ | T5: РАСПИСАНИЕ УЧЕБНЫХ ЗАНЯТИЙ
A6: Учебный год | C6: 2025-2026 | E6: весенний | F6: Семестр | H6: Учебный год | J6: 2025-2026 | L6: весенний | M6: Семестр | N6: Учебный год | P6: 2025-2026 | R6: весенний | S6: Семестр | T6: Учебный год | V6: 2025-2026 | X6: весенний | Y6: Семестр
A7: Институт | C7: государства и права | E7: ='1 курс'!$H$16 -> 2 | F7: Курс | H7: Институт | J7: государства и права | L7: ='1 курс'!$H$16 -> 2 | M7: Курс | N7: Институт | P7: государства и права | R7: ='1 курс'!$H$16 -> 2 | S7: Курс | T7: Институт | V7: государства и права | X7: ='1 курс'!$H$16 -> 2 | Y7: Курс
A8: Направление | C8: ='1 курс'!$C$8 -> 40.03.01 Юриспруденция | E8: 102-41 | F8: Группа | H8: Направление | J8: ='1 курс'!$C$8 -> 40.03.01 Юриспруденция | L8: 102-42 | M8: Группа | N8: Направление | P8: ='1 курс'!$C$8 -> 40.03.01 Юриспруденция | R8: 102-43 | S8: Группа | T8: Направление | V8: ='1 курс'!$C$8 -> 40.03.01 Юриспруденция | X8: 102-44 | Y8: Группа
A9: Профиль | C9: Юрист публичного права и управления | H9: Профиль | J9: Юридический консалтинг. Юрист цифровой экономики | N9: Профиль | P9: Юрист общей практики со знанием иностранного языка | T9: Профиль | V9: Юрист общей практики со знанием иностранного языка
A10: ТО | C10: 02.02.2026 - 06.06.2026 | H10: ТО | J10: 02.02.2026 - 06.06.2026 | N10: ТО | P10: 02.02.2026 - 06.06.2026 | T10: ТО | V10: 02.02.2026 - 06.06.2026
A11: д/н | B11: пара | C11: дисциплина, ауд | G11: Преподаватель | H11: д/н | I11: пара | J11: дисциплина, ауд | N11: д/н | O11: пара | P11: дисциплина, ауд | T11: д/н | U11: пара | V11: дисциплина, ауд
A12: ПН | B12: 1 | C12: Арктическое право (лек)/(пр), К703 | G12: Филиппова Н.А.,Зарипова Э.К./Зарипова Э.К. | H12: ПН | I12: 1 | N12: ПН | O12: 1 | T12: ПН | U12: 1 | V12: Основы проектной деятельности (пр), К709
B13: 2 | C13: Основы проектной деятельности (пр), К706 | G13: Куприянова Е.В. | I13: 2 | O13: 2 | P13: Правовое обеспечение систем безопасности (лек)/(пр), К711 | U13: 2 | V13: Правовое обеспечение систем безопасности (лек), К711//
B14: 3 | I14: 3 | J14: Основы проектной деятельности (пр), К706 | O14: 3 | P14: Основы проектной деятельности (пр), К608 | U14: 3 | V14: Правовое обеспечение систем безопасности (пр), К711//
B15: 4-5. | C15: Элективные дисциплины по физической культуре и спорту, С* | I15: 4-5. | J15: Элективные дисциплины по физической культуре и спорту, С* | O15: 4-5. | P15: Элективные дисциплины по физической культуре и спорту, С* | U15: 4-5. | V15: Элективные дисциплины по физической культуре и спорту, С*
A16: ВТ | B16: 1 | C16: Иностранный язык, п/г 1, К723 | E16: Иностранный язык, п/г 2, К710 | G16: Ситникова А.Ю.; Костюнина М.В. | H16: ВТ | I16: 1 | N16: ВТ | O16: 1 | T16: ВТ | U16: 1
B17: 2 | C17: Уголовное право (пр), К708 | G17: Муравлянский А.В. | I17: 2 | J17: Иностранный язык, п/г 1, К723 | L17: Иностранный язык, п/г 2, К718 | O17: 2 | U17: 2
B18: 3 | C18: Работа в команде (пр), К427// | G18: Осипова А.В. | I18: 3 | J18: Уголовное право (пр), К708 | O18: 3 | R18: Иностранный язык, п/г 2, К718 | U18: 3 | V18: //Философия (пр) , К427
B19: 4 | I19: 4 | O19: 4 | P19: Уголовное право (пр), К708 | U19: 4
A20: СР | B20: 1 | H20: СР | I20: 2 | J20: Гражданское право (лек), К204//Право социального обеспечения (лек), К204 | N20: СР | O20: 1 | P20: Философия (пр) , К428// | T20: СР | U20: 1
B21: 2 | C21: Гражданское право (лек), К204//Право социального обеспечения (лек), К204 | G21: Усольцева Н.А./ Стражевич Ю.Н. | I21: 3 | J21: Муниципальное право (лек), К204// Административное право (лек), К204 | O21: 2 | P21: Гражданское право (лек), К204//Право социального обеспечения (лек), К204 | U21: 2 | V21: Гражданское право (лек), К204//Право социального обеспечения (лек), К204
B22: 3 | C22: Муниципальное право (лек), К204// Административное право (лек), К204 | G22: Жадобина Н.Н./Нехайчик В.К. | I22: 4 | J22: Уголовное право (лек), К204 | O22: 3 | P22: Муниципальное право (лек), К204// Административное право (лек), К204 | U22: 3 | V22: Муниципальное право (лек), К204// Административное право (лек), К204
B23: 4 | C23: Уголовное право (лек), К204 | G23: Багиров Ч.М. | I23: 5 | J23: Страхование в предпринимательской деятельности (лек)/(пр), К714 | O23: 4 | P23: Уголовное право (лек), К204 | U23: 4 | V23: Уголовное право (лек), К204
A24: ЧТ | B24: 1 | C24: Административное право (пр), К703// | G24: Нехайчик В.К. | H24: ЧТ | I24: 1 | N24: ЧТ | O24: 1 | P24: Работа в команде (пр), К709// Административное право (пр), К703 | T24: ЧТ | U24: 1 | V24: Административное право (пр), К718// Работа в команде (пр), К709
B25: 2 | C25: Право социального обеспечения (пр), К714 | G25: Стражевич Ю.Н. | I25: 2 | J25: Работа в команде (пр), К703// Административное право (пр), К703 | O25: 2 | P25: Гражданское право (пр), К711 | U25: 2 | V25: Гражданское право (пр), К718
B26: 3 | C26: Гражданское право (пр), К711 | G26: Налбандян Е.Л. | I26: 3 | J26: Гражданское право (пр), К718 | O26: 3 | P26: Иностранный язык, п/г 1, К710 | U26: 3 | V26: Право социального обеспечения (пр), К714
B27: 4-5. | C27: Элективные дисциплины по физической культуре и спорту, С* | I27: 4-5. | J27: Элективные дисциплины по физической культуре и спорту, С* | O27: 4-5. | P27: Элективные дисциплины по физической культуре и спорту, С* | U27: 4-5. | V27: Элективные дисциплины по физической культуре и спорту, С*
A28: ПТ | B28: 1 | C28: //Философия (пр) , К709 | G28: Калинина Е.А. | H28: ПТ | I28: 1 | J28: Философия (пр) , К709// | N28: ПТ | O28: 1 | T28: ПТ | U28: 2
B29: 2 | C29: Муниципальное право (пр), К703 | G29: Жадобина Н.Н. | I29: 2 | J29: Право социального обеспечения (пр), К711 | O29: 2 | U29: 3
B30: 3 | I30: 3 | J30: Муниципальное право (пр), К703 | O30: 3 | P30: Право социального обеспечения (пр), К711 | U30: 4 | V30: Муниципальное право (пр), К718
B31: 4 | I31: 4 | O31: 4 | P31: Муниципальное право (пр), К703 | U31: 5 | V31: Иностранный язык, п/г 1, К723
A32: СБ | B32: 1 | C32: День самостоятельной работы | H32: СБ | I32: 1 | J32: День самостоятельной работы | N32: СБ | O32: 1 | P32: День самостоятельной работы | T32: СБ | U32: 1
B33: 2 | I33: 2 | O33: 2 | U33: 2 | V33: Уголовное право (пр), К714
B34: 3 | I34: 3 | O34: 3 | U34: 3 | X34: Иностранный язык, п/г 2, К723
B36: ЭУК | C36: Работа в команде (лек 32 ч) | G36: Осипова А.В. | I36: ЭУК | J36: Работа в команде (лек 32 ч) | O36: ЭУК | P36: Работа в команде (лек 32 ч) | U36: ЭУК | V36: Работа в команде (лек 32 ч)
B37: ЭУК | C37: Основы проектной деятельности (лек 16 ч) | G37: Куприянова Е.В. | I37: ЭУК | J37: Основы проектной деятельности (лек 16 ч) | O37: ЭУК | P37: Основы проектной деятельности (лек 16 ч) | U37: ЭУК | V37: Основы проектной деятельности (лек 16 ч)
B38: ЭУК | C38: Философия (лек 32 ч) | G38: Бутенко Н.А. | I38: ЭУК | J38: Философия (лек 32 ч) | O38: ЭУК | P38: Философия (лек 32 ч) | U38: ЭУК | V38: Философия (лек 32 ч)
A39: Примечание: * | C39: Элективные дисциплины по физической культуре и спорту проводятся 4 парой или 5 парой в зависимости от выбранной элективной дисциплины | H39: Примечание: * | J39: Элективные дисциплины по физической культуре и спорту проводятся 4 парой или 5 парой в зависимости от выбранной элективной дисциплины | N39: Примечание: * | P39: Элективные дисциплины по физической культуре и спорту проводятся 4 парой или 5 парой в зависимости от выбранной элективной дисциплины | T39: Примечание: * | V39: Элективные дисциплины по физической культуре и спорту проводятся 4 парой или 5 парой в зависимости от выбранной элективной дисциплины
B40: Директор института | E40: Л.А. Попова | I40: Директор института | L40: Л.А. Попова | O40: Директор института | R40: Л.А. Попова | U40: Директор института | X40: Л.А. Попова
B41: Зав. кафедрой | E41: Н.Н. Жадобина | I41: Зав. кафедрой | L41: Н.Н. Жадобина | O41: Зав. кафедрой | R41: Л.А. Попова | U41: Зав. кафедрой | X41: Л.А. Попова

Sheet 3 курс
A1: Согласовано | F1: Утверждаю | G1: Согласовано | L1: Утверждаю | M1: Согласовано | R1: Утверждаю | S1: Согласовано | X1: Утверждаю
A2: Начальник УОпоОФО | F2: Проректор по УМР | G2: Начальник УОпоОФО | L2: Проректор по УМР | M2: Начальник УОпоОФО | R2: Проректор по УМР | S2: Начальник УОпоОФО | X2: Проректор по УМР
A3: _______Р.Н. Гуртовская | F3: _________Е.В. Коновалова | G3: _______Р.Н. Гуртовская | L3: _________Е.В. Коновалова | M3: _______Р.Н. Гуртовская | R3: _________Е.В. Коновалова | S3: _______Р.Н. Гуртовская | X3: _________Е.В. Коновалова
F4: "____"________2026 г. | L4: "____"________2026 г. | R4: "____"________2026 г. | X4: "____"________2026 г.
A5: РАСПИСАНИЕ УЧЕБНЫХ ЗАНЯТИЙ | G5: РАСПИСАНИЕ УЧЕБНЫХ ЗАНЯТИЙ | M5: РАСПИСАНИЕ УЧЕБНЫХ ЗАНЯТИЙ | S5: РАСПИСАНИЕ УЧЕБНЫХ ЗАНЯТИЙ
A6: Учебный год | C6: 2025-2026 | E6: весенний | F6: Семестр | G6: Учебный год | I6: 2025-2026 | K6: весенний | L6: Семестр | M6: Учебный год | O6: 2025-2026 | Q6: весенний | R6: Семестр | S6: Учебный год | U6: 2025-2026 | W6: весенний | X6: Семестр
A7: Институт | C7: государства и права | E7: 3 | F7: Курс | G7: Институт | I7: ='2 курс'!J7 -> государства и права | K7: =$E$7 -> 3 | L7: Курс | M7: Институт | O7: =I7 -> государства и права | Q7: =$K$7 -> 3 | R7: Курс | S7: Институт | U7: =O7 -> государства и права | W7: =$K$7 -> 3 | X7: Курс
A8: Направление | C8: ='1 курс'!$C$8 -> 40.03.01 Юриспруденция | E8: 102-31 | F8: Группа | G8: Направление | I8: ='2 курс'!J8 -> 40.03.01 Юриспруденция | K8: 102-32 | L8: Группа | M8: Направление | O8: =I8 -> 40.03.01 Юриспруденция | Q8: 102-33 | R8: Группа | S8: Направление | U8: =O8 -> 40.03.01 Юриспруденция | W8: 102-34 | X8: Группа
A9: Профиль | C9: Юрист публичного права и управления | G9: Профиль | I9: Юридический консалтинг. Юрист цифровой экономики | M9: Профиль | O9: Юрист общей практики со знанием иностранного языка | S9: Профиль | U9: Юрист общей практики со знанием иностранного языка
A10: ТО | C10: 02.02.2026 - 06.06.2026 | G10: ТО | I10: 02.02.2026 - 06.06.2026 | M10: ТО | O10: 02.02.2026 - 06.06.2026 | S10: ТО | U10: 02.02.2026 - 06.06.2026
A11: д/н | B11: пара | C11: дисциплина, ауд | G11: д/н | H11: пара | I11: дисциплина, ауд | M11: д/н | N11: пара | O11: дисциплина, ауд | S11: д/н | T11: пара | U11: дисциплина, ауд
A12: ПН | B12: 2 | G12: ПН | H12: 2 | I12: ФТД: Нотариат. Электронный нотариат (лек)/(пр), К703 | M12: ПН | N12: 2 | S12: ПН | T12: 2
B13: 3 | C13: ФТД: Государственный контроль в сфере нотариата (лек)/(пр), К703 | H13: 3 | I13: Уголовный процесс (пр). К708 | N13: 3 | O13: //Правовое обеспечение предварительного расследования (лек), К628 | T13: 3 | U13: // Правовое обеспечение предварительного расследования (лек), К628
B14: 4 | C14: Уголовное право (лек), К204// Уголовный процесс (лек). К204 | H14: 4 | I14: Уголовное право (лек), К204// Уголовный процесс (лек). К204 | N14: 4 | O14: Уголовное право (лек), К204// Уголовный процесс (лек). К204 | T14: 4 | U14: Уголовное право (лек), К204// Уголовный процесс (лек). К204
B15: 5 | C15: Трудовое право (лек), К204// Гражданский процесс (лек), К204 | H15: 5 | I15: Трудовое право (лек), К204// Гражданский процесс (лек), К204 | N15: 5 | O15: Трудовое право (лек), К204// Гражданский процесс (лек), К204 | T15: 5 | U15: Трудовое право (лек), К204// Гражданский процесс (лек), К204
A16: ВТ | B16: 3 | C16: Иностранный язык в сфере юриспруденции (24 ч), К723 | G16: ВТ | H16: 3 | M16: ВТ | N16: 4 | O16: Правовое обеспечение предварительного расследования (пр), К718 | S16: ВТ | T16: 2
B17: 4 | C17: Уголовное право (пр). К628 | H17: 4 | I17: Трудовое право (пр ), К714 | N17: 5 | O17: Криминалистика, п/г 1, К630 | Q17: Иностр. язык в сфере юриспруд., п/г 2 (24 ч), К412 | T17: 3 | W17: Криминалистика, п/г 2, К630
B18: 5 | C18: Трудовое право (пр). К714 | H18: 5 | I18: Уголовное право (пр). К628 | N18: 6 | O18: Иностр. язык в сфере юриспруд, п/г 1 (24 ч), К412 | Q18: Криминалистика, п/г 2, К630 | T18: 4 | U18: Криминалистика, п/г 1, К630 | W18: Иностр. язык в сфере юриспруд., п/г 2 (24 ч), К412
B19: 6 | H19: 6 | T19: 5 | U19: Правовое обеспечение предварительного расследования (пр), К718
A20: СР | B20: 1 | G20: СР | H20: 1 | M20: СР | N20: 2 | O20: Предпринимательское право (лек), К203// Экологическое право (лек), К203 | S20: СР | T20: 1 | U20: Уголовное право (пр). К628
B21: 2 | C21: Предпринимательское право (лек), К203// Экологическое право (лек), К203 | H21: 2 | I21: Предпринимательское право (лек), К203// Экологическое право (лек), К203 | N21: 3 | O21: Экологическое право (пр), К708 | T21: 2 | U21: Предпринимательское право (лек), К203// Экологическое право (лек), К203
B22: 3 | C22: Гражданский процесс (пр), К718 | H22: 3 | I22: ФТД: Правовое обеспечение цифровой экономики (лек)/(пр), К714 | N22: 4 | O22: Гражданский процесс (пр), К714 | T22: 3 | U22: Предпринимательское право (пр), К711
B23: 4 | C23: Предпринимательское право (пр), К711 | H23: 4 | I23: Гражданский процесс (пр), К718 | N23: 5 | O23: Уголовное право (пр), К711 | T23: 4 | U23: Экологическое право (пр), К708
A24: ЧТ | B24: 2 | C24: ФТД: Медицинское право (лек)/(пр), К710 | G24: ЧТ | H24: 3 | I24: Предпринимательское право (пр), К723 | M24: ЧТ | N24: 3 | S24: ЧТ | T24: 3
B25: 3 | C25: Экологическое право (пр), К628 | H25: 4 | I25: Экологическое право (пр), К718 | N25: 4 | O25: Предпринимательское право (пр), К711 | T25: 4 | U25: Гражданский процесс (пр), К708
B26: 4 | C26: Уголовный процесс (пр), К628 | H26: 5 | I26: Психология инклюзивного общества (пр ), К718// | N26: 5 | O26: Уголовный процесс (пр), К628 | T26: 5 | U26: Трудовое право (пр ), К711
B27: 5 | H27: 6 | N27: 6 | O27: Трудовое право (пр ), К711 | T27: 6 | U27: Уголовный процесс (пр), К628
A28: ПТ | B28: 1-2. | C28: Элект. дисциплины по физической культуре и спорту, С* | G28: ПТ | H28: 1-2. | I28: Элект. дисциплины по физической культуре и спорту, С* | M28: ПТ | N28: 1-2. | O28: Элект. дисциплины по физической культуре и спорту, С* | S28: ПТ | T28: 1-2. | U28: Элект. дисциплины по физической культуре и спорту, С*
B29: 4 | C29: //Миграционное право (пр), К708 | H29: 4 | I29: Исполнительное производство (лек), К709// | N29: 4 | O29: ФТД: Судебные медицина и психиатрия (лек)/(пр), К628 | T29: 4 | U29: ФТД: Судебные медицина и психиатрия (лек), К628//
B30: 5 | C30: Миграционное право (лек)/(пр), К708 | H30: 5 | I30: Исполнительное производство (пр), К709 | N30: 5 | O30: ФТД: Введение в англо-американское право (пр), К628// Психология инклюзивного общества (пр ), К718 | T30: 5 | U30: Психология инклюзивного общества (пр ), К718// ФТД: Судебные медицина и психиатрия (пр), К628
B31: 6 | H31: 6 | N31: 6 | T31: 6 | U31: ФТД: Введение в англо-американское право (пр), К628//
A32: СБ | B32: 1 | G32: СБ | H32: 1 | M32: СБ | N32: 1 | S32: СБ | T32: 1
B33: 2 | C33: Криминалистика (лаб), К630 | H33: 2 | N33: 2 | T33: 2
B34: 3 | C34: Криминалистика (лек), К204// Психология инклюзивного общества (пр ), К718 | H34: 3 | I34: Криминалистика (лек), К204// | N34: 3 | O34: Криминалистика (лек), К204// ФТД: Введение в англо-американское право (лек), К628 | T34: 3 | U34: Криминалистика (лек), К204// ФТД: Введение в англо-американское право (лек), К628
B35: 4 | H35: 4 | I35: Криминалистика, п/г 1, К630 | K35: Иностр. язык в сфере юриспруд., п/г 2 (24 ч), К710 | N35: 4 | T35: 4 | U35: Иностр. язык в сфере юриспруд, п/г 1 (24 ч), К413
B36: 5 | H36: 5 | I36: Иностр. язык в сфере юриспруд, п/г 1 (24 ч), К710 | K36: Криминалистика, п/г 2, К630 | N36: 5 | T36: 5
B38: ЭУК | C38: Психология инклюзивного общества (лекция 16 ч) | H38: ЭУК | I38: Психология инклюзивного общества (лекция 16 ч) | N38: ЭУК | O38: Психология инклюзивного общества (лекция 16 ч) | T38: ЭУК | U38: Психология инклюзивного общества (лекция 16 ч)
A39: Примечание: * | C39: Элект. дисциплины по физич. культуре и спорту проводятся 1 парой или 2 парой в зависимости от выбранной элективной дисциплины., занятия в объеме 16 часов провдятся по отдельному расписанию. | G39: Примечание: * | I39: Элект. дисциплины по физич. культуре и спорту проводятся 1 парой или 2 парой в зависимости от выбранной элективной дисциплины., занятия в объеме 16 часов провдятся по отдельному расписанию. | M39: Примечание: * | O39: Элект. дисциплины по физич. культуре и спорту проводятся 1 парой или 2 парой в зависимости от выбранной элективной дисциплины., занятия в объеме 16 часов провдятся по отдельному расписанию. | S39: Примечание: * | U39: Элект. дисциплины по физич. культуре и спорту проводятся 1 парой или 2 парой в зависимости от выбранной элективной дисциплины., занятия в объеме 16 часов провдятся по отдельному расписанию.
B40: Директор института | E40: Л.А. Попова | H40: Директор института | K40: Л.А. Попова | N40: Директор института | Q40: Л.А. Попова | T40: Директор института | W40: Л.А. Попова
B41: Зав. кафедрой | E41: Н.Н. Жадобина | H41: Зав. кафедрой | K41: Н.Н. Жадобина | N41: Зав. кафедрой | Q41: Л.А. Попова | T41: Зав. кафедрой | W41: Л.А. Попова

Sheet 4 курс
A1: Согласовано | F1: Утверждаю | G1: Согласовано | L1: Утверждаю | M1: Согласовано | R1: Утверждаю
A2: Начальник УОпоОФО | F2: Проректор по УМР | G2: Начальник УОпоОФО | L2: Проректор по УМР | M2: Начальник УОпоОФО | R2: Проректор по УМР
A3: _______Р.Н. Гуртовская | F3: _________Е.В. Коновалова | G3: _______Р.Н. Гуртовская | L3: _________Е.В. Коновалова | M3: _______Р.Н. Гуртовская | R3: _________Е.В. Коновалова
F4: "____"________2026г. | L4: "____"________2026 г. | R4: "____"________2026 г.
A5: РАСПИСАНИЕ УЧЕБНЫХ ЗАНЯТИЙ | G5: РАСПИСАНИЕ УЧЕБНЫХ ЗАНЯТИЙ | M5: РАСПИСАНИЕ УЧЕБНЫХ ЗАНЯТИЙ
A6: Учебный год | C6: 2025-2026 | E6: весенний | F6: Семестр | G6: Учебный год | I6: 2025-2026 | K6: весенний | L6: Семестр | M6: Учебный год | O6: 2025-2026 | Q6: весенний | R6: Семестр
A7: Институт | C7: государства и права | E7: 4 | F7: Курс | G7: Институт | I7: ='2 курс'!J7 -> государства и права | K7: 4 | L7: Курс | M7: Институт | O7: =I7 -> государства и права | Q7: 4 | R7: Курс
A8: Направление | C8: ='1 курс'!$C$8 -> 40.03.01 Юриспруденция | E8: 102-21 | F8: Группа | G8: Направление | I8: ='2 курс'!J8 -> 40.03.01 Юриспруденция | K8: 102-22 | L8: Группа | M8: Направление | O8: =I8 -> 40.03.01 Юриспруденция | Q8: 102-23 | R8: Группа
A9: Профиль | C9: Юрист публичного права и управления | G9: Профиль | I9: Юридический консалтинг. Юрист цифровой экономики | M9: Профиль | O9: Юрист общей практики со знанием иностранного языка
A10: ТО: | C10: 02.02.2026 - 08.06.2026 | G10: ТО: | I10: 02.02.2026 - 08.06.2026 | M10: ТО: | O10: 02.02.2026 - 08.06.2026
A11: д/н | B11: пара | C11: дисциплина, ауд | G11: д/н | H11: пара | I11: дисциплина, ауд | M11: д/н | N11: пара | O11: дисциплина, ауд
A12: ПН | B12: 2 | C12: Административный процесс (лек), К709 | G12: ПН | H12: 3 | I12: Правовые аспекты электронной коммерции (пр), К723 | M12: ПН | N12: 2 | O12: Теория доказывания (лек), К628
B13: 3 | C13: Административный процесс (пр), К709 | H13: 4 | I13: Налоговое право (лек), К202 | N13: 3 | O13: Исполнение судебных решений (лек), К714
B14: 4 | C14: Налоговое право (лек), К202 | H14: 5 | I14: Правовое регулирование банкротства (лек), К711 | N14: 4 | O14: Налоговое право (лек), К202
B15: 5 | H15: 6 | I15: Правовое регулирование банкротства (пр), К711 | N15: 5
A16: ВТ | B16: 2 | C16: Административный процесс (лек), К710 | G16: ВТ | H16: 2 | I16: Жилищное право (лек), К714 | M16: ВТ | N16: 2
B17: 3 | C17: Административный процесс (пр), К710 | H17: 3 | I17: Жилищное право (пр), К714 | N17: 3 | O17: Теория доказывания (пр), К709
B18: 4 | C18: Законодательство субъекта федерации (лек), К703 | H18: 4 | I18: Правовые аспекты электронной коммерции (лек), К710 | N18: 4 | O18: ФТД: Основы оперативно-розыскной, частно-детективной и частной охранной деятельности (лек), К709
B19: 5 | C19: Законодательство субъекта федерации (пр), К707 | H19: 5 | I19: Правовые аспекты электронной коммерции (пр), К710 | N19: 5 | O19: ФТД: Основы оперативно-розыскной, частно-детективной и частной охранной деятельности (пр), К709
B20: 6 | H20: 6 | N20: 6
A21: СР | B21: 2 | C21: Налоговое право (пр), К703 | G21: СР | H21: 2 | I21: Налоговое право (пр), К703 | M21: СР | N21: 2 | O21: Теория доказывания (лек), К628
B22: 3 | C22: Налоговое право (пр), К703 | H22: 3 | I22: Налоговое право (пр), К703 | N22: 3 | O22: Теория доказывания (пр), К628
B23: 4 | C23: ФТД: Конституционное право государств Евразии (лек), К709 | H23: 4 | I23: Жилищное право (лек), К710 | N23: 4 | O23: Налоговое право (пр), К628
B24: 5 | C24: ФТД: Конституционное право государств Евразии (пр), К707 | H24: 5 | I24: Жилищное право (пр), К710 | N24: 5 | O24: Налоговое право (пр), К628
B25: 6 | H25: 6 | N25: 6
A26: ЧТ | B26: 1 | C26: Банковское право (лек), К426 | G26: ЧТ | H26: 3 | I26: Иностр. язык в сфере юриспруд, п/г 1, К413 | M26: ЧТ | N26: 2 | O26: Юридический консалтинг (лек), К428
B27: 2 | C27: Банковское право (пр), К426 | H27: 4 | I27: Правовые аспекты электронной коммерции (лек), К714 | N27: 3 | O27: Юридический консалтинг (пр), К428
B28: 3 | C28: Банковское право (пр), К426 | H28: 5 | N28: 4 | O28: Юридический консалтинг (лек), К428
B29: 4 | C29: Иностранный язык в сфере юриспруденции (пр), К413 | H29: 6 | N29: 5 | O29: Юридический консалтинг (пр), К428
A30: ПТ | B30: 2 | C30: ФТД: Конституционное право государств Евразии(лек), К709 | G30: ПТ | H30: 1 | I30: Особенности рассмотрения отдельных категорий дел (лек), К714 | M30: ПТ | N30: 3 | O30: Исполнение судебных решений (пр), К628
B31: 3 | C31: Законодательство субъекта федерации (лек), К709 | H31: 2 | I31: Особенности рассмотрения отдельных категорий дел (пр), К714 | N31: 4 | O31: Исполнение судебных решений (пр), К714
B32: 4 | C32: Законодательство субъекта федерации (пр), К707 | H32: 3 | I32: Особенности рассмотрения отдельных категорий дел (пр), К714 | N32: 5 | O32: Иностр. язык в сфере юриспруд, п/г 1, К710// | Q32: //Иностр. язык в сфере юриспруд, п/г 2, К710
B33: 5 | H33: 4 | K33: Иностр. язык в сфере юриспруд, п/г 2, К710 | N33: 6 | O33: Иностр. язык в сфере юриспруд, п/г 1, К710// | Q33: //Иностр. язык в сфере юриспруд, п/г 2, К710
A34: СБ | B34: 1 | C34: День самостоятельной работы | G34: СБ | H34: 2 | I34: День самостоятельной работы | M34: СБ | N34: 1 | O34: День самостоятельной работы
B35: 2 | H35: 3 | N35: 2
B37: Директор института | E37: Л.А. Попова | H37: Директор института | K37: Л.А. Попова | N37: Директор института | Q37: Л.А. Попова
B38: Зав. кафедрой | E38: Н.Н. Жадобина | H38: Зав. кафедрой | K38: Н.Н. Жадобина | N38: Зав. кафедрой | Q38: Л.А. Попова
